,0
diff_elo,0.46120745998491275
diff_win_rate,-0.45432139195482707
diff_decayed_sig_str_defence,0.32235249814492417
diff_age,-0.29624131329776354
diff_sig_str_absorbed_per_fight,-0.2767442136164511
diff_decayed_win_rate,0.272883817275746
diff_wins,-0.19977365844775682
diff_td_attempted_per_fight,0.19874369531122052
diff_is_debut,0.1739869344743813
diff_sig_str_accuracy,0.173309623417399
diff_losses,0.16523574910219158
diff_sig_str_landed_per_fight,0.16432373987911217
diff_last_3_win_rate,-0.1385242603718843
diff_last_5_win_rate,0.11397091349590992
diff_td_landed_per_fight,0.10429360406283333
diff_last_5_sig_str_accuracy,-0.09477629417509087
diff_last_3_sig_str_accuracy,0.09091065599755009
diff_control_seconds_per_fight,-0.09013901516082805
diff_reach,0.0882182870894179
diff_southpaw,0.0753203108557008
diff_td_faced_per_fight,0.06856218983598565
diff_days_since_last_fight,-0.06722941215628858
diff_sig_str_attempted_per_fight,0.06491044069387425
diff_total_fights,-0.05510508588481971
diff_sig_str_defence,-0.045496218617616525
diff_reversals_per_fight,-0.04404170370985752
diff_td_defence,0.027963256178663954
diff_td_accuracy,-0.02215067082221883
diff_sub_attempts_per_fight,0.016370873611827607
diff_height,-0.0028281206708846104
diff_height_known,-1.278980591071888e-15
diff_reach_known,-9.691716076948745e-16
diff_age_known,-9.013965304393808e-16
diff_southpaw_known,-8.118796947530985e-16
diff_stance_mismatch,-2.460157883953487e-16
